{"cameraMode":{"drawMode":0,"name":"Shaded","section":"Shading Mode"},"sceneLighting":true,"audioPlay":false,"sceneViewState":{"showFog":false,"showMaterialUpdate":false,"showSkybox":false,"showFlares":false,"showImageEffects":false,"showParticleSystems":false},"in2DMode":false,"pivot":{"x":-3.2256932258605959,"y":16.851917266845704,"z":-7.4219818115234379},"rotation":{"x":-0.00930775050073862,"y":0.0200948566198349,"z":-0.00018589656974654645,"w":-0.9997592568397522},"size":80.62345123291016,"orthographic":false}